kind,action,A.Queue,A.Approach,A.Wait,A.Speed,A.QLength,A.AvgWait,B.Queue,B.Approach,B.Wait,B.Speed,B.QLength,B.AvgWait,FULL,PART,NO,PERM
weight,E/W,2.655763,0.662813,1.762585,0.000000,1.589887,1.548565,3.679393,1.445992,3.310103,0.000000,2.071634,0.577884,1.647028,1.604534,1.661837,1.723664
weight,E/EL,0.461440,0.049160,1.842607,0.682359,0.447051,1.553461,1.831149,0.603023,6.209571,0.003300,1.353408,0.951738,1.770578,1.922014,2.132470,3.684682
weight,W/WL,3.176428,1.467060,4.920561,0.000614,1.893151,1.349129,2.639624,0.370877,2.019616,0.116617,2.467268,0.955282,1.543398,1.661287,1.871101,1.417770
weight,EL/WL,2.800011,0.371614,2.519443,0.633656,1.402488,0.351920,2.324059,0.688705,3.005474,0.028466,1.381346,1.091660,1.592627,1.777139,1.573640,0.985531
weight,NPL/SPL,2.283183,0.514628,2.613765,0.891957,1.495039,1.151507,4.097405,0.166811,3.797462,0.038505,2.629415,1.315434,1.415657,0.980402,1.756993,1.813020
weight,NPL/S,1.992066,1.142260,0.981101,0.961270,1.963951,0.466453,4.730477,0.000000,1.492604,0.000000,2.689201,1.443388,1.574797,1.698711,1.790725,1.657768
weight,N/NL,3.811117,0.055469,3.397906,0.000000,3.766339,0.788413,0.031765,0.000000,2.583312,0.004658,0.031765,0.012761,1.285985,1.449455,1.554943,1.487627
weight,N/SPL,2.446680,1.364525,1.783966,1.200055,2.624605,0.015125,1.135895,0.336987,1.204371,0.393159,1.090216,0.080570,1.264178,1.560362,1.655094,1.613618
weight,N/S,1.866913,1.203259,1.559870,0.001502,1.442734,1.018661,1.252103,1.426469,1.202649,0.000000,1.266424,0.414107,1.079194,0.610235,0.000000,1.530775
weight,S/SL,0.000000,0.000000,0.027916,0.000000,0.000000,0.000000,0.000000,0.000000,0.000000,0.000000,0.000000,0.000000,0.020837,1.264399,0.464707,0.565882
weight,NL/SL,0.000000,0.000000,0.000000,0.000000,0.000000,2.243802,0.914276,0.000000,0.875246,0.500821,0.914276,0.886986,1.546419,1.751724,0.398343,1.672678
exponent,E/W,0.521447,0.977836,0.403821,2.210138,0.003065,0.989662,0.648018,0.727735,0.325690,2.063167,0.000094,1.293548,1.508225,1.822090,2.083071,0.443162
exponent,E/EL,0.661167,1.432240,0.465487,0.014242,0.776196,1.159937,0.633217,0.956242,0.710331,1.853271,0.750247,1.206220,2.048857,2.075934,2.416733,0.297087
exponent,W/WL,0.554791,1.250719,0.564268,0.770279,1.006760,1.437166,0.763004,0.001242,0.459267,0.000000,0.731368,1.174390,1.756443,1.704472,2.010582,0.560454
exponent,EL/WL,0.792858,0.513538,0.532354,1.484292,0.330983,0.938429,1.074929,0.946464,0.502174,1.060891,0.587291,1.874522,2.289744,2.422156,2.211772,0.866130
exponent,NPL/SPL,0.761633,0.926663,1.322368,0.110728,0.248187,0.024784,1.735707,1.270741,0.791569,0.844234,0.463587,2.553190,1.799241,0.961965,1.967830,1.876813
exponent,NPL/S,0.871227,1.311395,0.536531,0.831697,0.634004,0.039852,1.623621,1.703905,0.048459,1.767289,0.973187,2.349833,1.636571,2.059162,2.035582,1.949224
exponent,N/NL,0.827347,1.279116,0.502192,1.907857,0.506809,0.478441,0.000000,1.680350,1.723473,2.933639,0.000000,0.000000,1.585077,1.791749,2.008910,1.657634
exponent,N/SPL,1.052472,0.535847,0.625400,1.360457,0.346378,0.072522,0.899830,0.066829,0.606054,1.747665,0.747705,1.758255,2.438643,1.967702,1.925526,1.806325
exponent,N/S,1.392398,0.000000,0.410694,1.048901,0.468403,0.767115,0.747828,0.000000,0.575573,1.291171,0.044734,0.715614,2.051084,1.749311,1.821599,1.930802
exponent,S/SL,1.089069,1.204971,1.291115,1.631842,1.089069,1.295117,1.241361,1.119812,1.182802,1.459702,1.105901,1.811032,2.218007,1.369102,1.835432,1.612269
exponent,NL/SL,1.445987,1.553584,1.754192,1.682775,1.445987,0.013523,0.816629,1.567950,0.696178,1.164332,0.816629,0.589386,2.142783,2.432223,1.598822,2.988938
